{
	"$schema": "http://json-schema.org/draft-04/schema#",
	"description": "Addinfo",
	"type": "object",
	"properties": {
		"serverInfo": {
			"$ref": "./Definitions.json#/definitions/serverInfo",
			"version": "10.2.8.6"
		},
		"systemMessages": {
			"type": "array",
			"items": {
				"$ref": "./Definitions.json#/definitions/systemMessage"
			},
			"version": "10.2.2.48"
		},
		"error": {
			"$ref": "Definitions.json#/definitions/error",
			"version": "10.2.2.48"
		},
		"version": {
			"type": "string",
			"version": "10.2.2.48"
		},
		"timestamp": {
			"$ref": "Definitions.json#/definitions/dateTime",
			"version": "10.2.2.48"
		},
		"infos": {
			"type": "object",
			"properties": {
				"current": {
					"type": "array",
					"items": {
						"$ref": "Definitions.json#/definitions/info"
					},
					"version": "10.2.2.48"
				},
				"historic": {
					"type": "array",
					"items": {
						"$ref": "Definitions.json#/definitions/info"
					},
					"version": "10.2.2.48"
				},
				"affected": {
					"properties": {
						"places": {
							"type": "array",
							"items": {
								"$ref": "Definitions.json#/definitions/location"
							},
							"version": "10.2.8.6"
						},
						"lines": {
							"type": "array",
							"items": {
								"$ref": "Definitions.json#/definitions/transportation"
							},
							"version": "10.2.2.48"
						},
						"trains": {
							"type": "array",
							"items": {
								"type": "object",
								"properties": {
									"name": {
										"type": "string",
										"version": "10.2.2.48"
									}
								},
								"additionalProperties": false
							},
							"version": "10.2.2.48"
						},
						"stops": {
							"type": "array",
							"items": {
								"$ref": "Definitions.json#/definitions/location"
							},
							"version": "10.2.2.48"
						}
					},
					"additionalProperties": false,
					"version": "10.2.2.48"
				}
			},
			"additionalProperties": false,
			"version": "10.2.2.48"
		},
		"properties": {}
	},
	"required": [
		"version"
	],
	"additionalProperties": false,
	"version": "10.2.2.48"
}