{
	"$schema": "http://json-schema.org/draft-04/schema#",
	"description": "Addinfo",
	"type": "object",
	"properties": {
		"serverInfo": {
			"$ref": "./Definitions.json#/definitions/serverInfo",
			"version": "10.2.8.6"
		},
		"systemMessages": {
			"type": "array",
			"items": {
				"$ref": "./Definitions.json#/definitions/systemMessage"
			},
			"version": "10.2.2.48"
		},
		"error": {
			"$ref": "Definitions.json#/definitions/error",
			"version": "10.2.2.48"
		},
		"version": {
			"type": "string",
			"version": "10.2.2.48"
		},
		"footpaths": {
			"$ref": "Definitions.json#/definitions/footpaths"
		},
		"itPathData": {
			"type": "object",
			"properties": {
				"pathDescriptions": {
					"type": "array",
					"items": {
						"$ref": "./Definitions.json#/definitions/pathDescription"
					},
					"version": "10.2.2.48"
				},
				"coords": {
					"type": "array",
					"items": {
						"$ref": "./Definitions.json#/definitions/coord"
					}
				}
			},
			"additionalProperties": false
		},
		"properties": {}
	},
	"required": [
		"version"
	],
	"additionalProperties": false,
	"version": "10.2.2.48"
}