{
	"$schema": "http://json-schema.org/draft-04/schema#",
	"description": "Journey-Check-Request",
	"type": "object",
	"properties": {
		"serverInfo": {
			"$ref": "./Definitions.json#/definitions/serverInfo",
			"version": "10.2.8.6"
		},
		"systemMessages": {
			"type": "array",
			"items": {
				"$ref": "./Definitions.json#/definitions/systemMessage"
			},
			"version": "10.2.2.48"
		},
		"error": {
			"$ref": "Definitions.json#/definitions/error",
			"version": "10.2.2.48"
		},
		"version": {
			"type": "string",
			"version": "10.2.2.48"
		},
		"RTJobs": {
			"type": "array",
			"items": {
				"$ref": "./Definitions.json#/definitions/RTJob"
			}
		},
		"addInfoJobs": {
			"type": "array",
			"items": {
				"$ref": "./Definitions.json#/definitions/addInfoJob"
			}
		},
		"properties": {}
	},
	"required": [
		"version"
	],
	"additionalProperties": false,
	"version": "10.2.2.48"
}