{
	"$schema": "http://json-schema.org/draft-04/schema#",
	"description": "ModeSharing-Request",
	"type": "object",
	"properties": {
		"serverInfo": {
			"$ref": "./Definitions.json#/definitions/serverInfo",
			"version": "10.2.8.6"
		},
		"systemMessages": {
			"type": "array",
			"items": {
				"$ref": "./Definitions.json#/definitions/systemMessage"
			},
			"version": "10.2.2.48"
		},
		"version": {
			"type": "string",
			"version": "10.2.2.48"
		},
		"sharingObjects": {
			"type": "object",
			"properties": {
				"vehicles": {
					"type": "array",
					"items": {
						"$ref": "Definitions.json#/definitions/vehicle"
					}
				},
				"stations": {
					"type": "array",
					"items": {
						"$ref": "Definitions.json#/definitions/station"
					}
				}
			},
			"additionalProperties": false,
			"version": "10.4.15.5"
		},
		"properties": {}
	},
	"required": [
		"version",
		"sharingObjects"
	],
	"additionalProperties": false,
	"version": "10.2.2.48"
}