{
	"$schema": "http://json-schema.org/draft-04/schema#",
	"description": "RecalcFares-Request",
	"type": "object",
	"properties": {
		"serverInfo": {
			"$ref": "./Definitions.json#/definitions/serverInfo"
		},
		"systemMessages": {
			"type": "array",
			"items": {
				"$ref": "./Definitions.json#/definitions/systemMessage"
			}
		},
		"version": {
			"type": "string"
		},
		"journey": {
			"$ref": "./Definitions.json#/definitions/journey"
		}
	},
	"additionalProperties": false,
	"version": "10.4.15.5"
}