{
	"$schema": "http://json-schema.org/draft-04/schema#",
	"description": "StopStructure-Request",
	"type": "object",
	"properties": {
		"serverInfo": {
			"$ref": "./Definitions.json#/definitions/serverInfo",
			"version": "10.2.8.6"
		},
		"systemMessages": {
			"type": "array",
			"items": {
				"$ref": "./Definitions.json#/definitions/systemMessage"
			},
			"version": "10.2.2.48"
		},
		"error": {
			"$ref": "Definitions.json#/definitions/error",
			"version": "10.2.2.48"
		},
		"version": {
			"type": "string"
		},
		"stop": {
			"type": "object",
			"properties": {
				"areas": {
					"type": "array",
					"items": {
						"$ref": "Definitions.json#/definitions/location"
					},
					"version": "10.2.2.48"
				},
				"platforms": {
					"type": "array",
					"items": {
						"$ref": "Definitions.json#/definitions/location"
					},
					"version": "10.2.2.48"
				},
				"footpaths": {
					"$ref": "Definitions.json#/definitions/footpaths"
				}
			},
			"version": "10.2.2.48"
		},
		"properties": {}
	},
	"required": [
		"version"
	],
	"additionalProperties": false,
	"version": "10.2.1.42"
}