{
	"$schema": "http://json-schema.org/draft-04/schema#",
	"description": "TariffScope-Request",
	"type": "object",
	"properties": {
		"serverInfo": {
			"$ref": "./Definitions.json#/definitions/serverInfo",
			"version": "10.2.8.6"
		},
		"version": {
			"type": "string",
			"version": "10.2.2.48"
		},
		"systemMessages": {
			"type": "array",
			"items": {
				"$ref": "./Definitions.json#/definitions/systemMessage"
			},
			"version": "10.2.2.48"
		},
		"tariffRegionList": {
			"type": "array",
			"items": {
				"$ref": "./Definitions.json#/definitions/tariffRegion"
			}
		},
		"inclRelationIdList": {
			"type": "array",
			"items": {
				"$ref": "./Definitions.json#/definitions/relationId"
			}
		}
	},
	"required": [
		"version"
	],
	"additionalProperties": false,
	"version": "10.2.2.48"
}