{
	"$schema": "http://json-schema.org/draft-04/schema#",
	"description": "tripStopTimesRequest",
	"type": "object",
	"properties": {
		"serverInfo": {
			"$ref": "./Definitions.json#/definitions/serverInfo",
			"version": "10.2.8.6"
		},
		"version": {
			"type": "string",
			"version": "10.2.2.48"
		},
		"transportation": {
			"$ref": "Definitions.json#/definitions/transportation",
			"version": "10.2.2.48"
		}
	},
	"required": [
		"version"
	],
	"additionalProperties": false,
	"version": "10.2.2.48"
}